case_id,created_at,closed_at,category,subcategory,status,latitude,longitude
5000,2025-07-01T15:00:00,2025-07-02T03:00:00,Street and Sidewalk Cleaning,Litter Removal,Closed,37.74869453721253,-122.41895376799042
5001,2025-07-02T12:00:00,2025-07-03T00:00:00,Street and Sidewalk Cleaning,Litter Removal,Closed,37.75139409826471,-122.41901180348094
5002,2025-07-03T09:00:00,2025-07-03T21:00:00,Street and Sidewalk Cleaning,Litter Removal,Closed,37.74898371567366,-122.41719792976494
5003,2025-07-04T14:00:00,2025-07-05T02:00:00,Street and Sidewalk Cleaning,Litter Removal,Closed,37.75102238875817,-122.41906734231162
5004,2025-07-05T12:00:00,2025-07-06T00:00:00,Street and Sidewalk Cleaning,Litter Removal,Closed,37.748699843581754,-122.41941996820208
5005,2025-07-06T18:00:00,2025-07-07T06:00:00,Street and Sidewalk Cleaning,Litter Removal,Closed,37.751156504524204,-122.41970513609562
5006,2025-07-07T10:00:00,2025-07-07T22:00:00,Street and Sidewalk Cleaning,Litter Removal,Closed,37.75116107239966,-122.41687621169905
5007,2025-07-08T10:00:00,2025-07-08T22:00:00,Street and Sidewalk Cleaning,Litter Removal,Closed,37.749275247969244,-122.41791899261631
5008,2025-07-09T18:00:00,2025-07-10T06:00:00,Street and Sidewalk Cleaning,Litter Removal,Closed,37.74945598351797,-122.41792009012379
5009,2025-07-10T08:00:00,2025-07-10T20:00:00,Street and Sidewalk Cleaning,Litter Removal,Closed,37.74901576452607,-122.41686069214423
5010,2025-07-11T11:00:00,2025-07-11T23:00:00,Street and Sidewalk Cleaning,Litter Removal,Closed,37.750529316476964,-122.41703011018832
5011,2025-07-12T06:00:00,2025-07-12T18:00:00,Street and Sidewalk Cleaning,Litter Removal,Closed,37.75021081661113,-122.41879443082016
5012,2025-07-13T13:00:00,2025-07-14T01:00:00,Street and Sidewalk Cleaning,Litter Removal,Closed,37.75068091982623,-122.41780828986593
5013,2025-07-14T07:00:00,2025-07-14T19:00:00,Street and Sidewalk Cleaning,Litter Removal,Closed,37.74890662251505,-122.41949079390797
5014,2025-07-15T13:00:00,2025-07-16T01:00:00,Street and Sidewalk Cleaning,Litter Removal,Closed,37.74991450018108,-122.41888045357018
5015,2025-07-16T16:00:00,2025-07-17T04:00:00,Street and Sidewalk Cleaning,Litter Removal,Closed,37.748695881812665,-122.4176944015989
5016,2025-07-17T10:00:00,2025-07-17T22:00:00,Street and Sidewalk Cleaning,Litter Removal,Closed,37.750634048448134,-122.41722827397757
5017,2025-07-18T07:00:00,2025-07-18T19:00:00,Street and Sidewalk Cleaning,Litter Removal,Closed,37.75070183781658,-122.417505215307
5018,2025-07-19T09:00:00,2025-07-19T21:00:00,Street and Sidewalk Cleaning,Litter Removal,Closed,37.74954881406682,-122.4171892901484
5019,2025-07-20T11:00:00,2025-07-20T23:00:00,Street and Sidewalk Cleaning,Litter Removal,Closed,37.75063677944016,-122.41885348603873
5020,2025-07-21T17:00:00,2025-07-22T05:00:00,Street and Sidewalk Cleaning,Litter Removal,Closed,37.74863806323462,-122.41819368865616
5021,2025-07-22T07:00:00,2025-07-22T19:00:00,Street and Sidewalk Cleaning,Litter Removal,Closed,37.74968568997476,-122.41755821478866
5022,2025-07-23T13:00:00,2025-07-24T01:00:00,Street and Sidewalk Cleaning,Litter Removal,Closed,37.75100593284172,-122.41822552260294
5023,2025-07-24T18:00:00,2025-07-25T06:00:00,Street and Sidewalk Cleaning,Litter Removal,Closed,37.748666681369436,-122.41778616899265
5024,2025-07-25T18:00:00,2025-07-26T06:00:00,Street and Sidewalk Cleaning,Litter Removal,Closed,37.750143871712545,-122.41927510178856
5025,2025-07-26T16:00:00,2025-07-27T04:00:00,Street and Sidewalk Cleaning,Litter Removal,Closed,37.751358878713894,-122.41973664040655
5026,2025-07-27T13:00:00,2025-07-28T01:00:00,Street and Sidewalk Cleaning,Litter Removal,Closed,37.748760548490345,-122.41902761924985
5027,2025-07-28T08:00:00,2025-07-28T20:00:00,Street and Sidewalk Cleaning,Litter Removal,Closed,37.749736548375765,-122.41957833669699
5028,2025-07-29T15:00:00,2025-07-30T03:00:00,Street and Sidewalk Cleaning,Litter Removal,Closed,37.750438217940705,-122.41763198285443
5029,2025-07-30T06:00:00,2025-07-30T18:00:00,Street and Sidewalk Cleaning,Litter Removal,Closed,37.75066163313851,-122.41751740693594
