{
  "business_registry": {
    "name": "SF Active Business Locations",
    "url": "PUT_DATASET_URL_HERE"
  },
  "health_inspections": {
    "name": "SF Health Inspections (LIVES)",
    "url": "PUT_DATASET_URL_HERE"
  },
  "cases_311": {
    "name": "SF 311 (Street & Sidewalk Cleaning)",
    "url": "PUT_DATASET_URL_HERE"
  },
  "bart_exits": {
    "name": "BART Station Exits By Day/Hour",
    "url": "PUT_DATASET_URL_HERE"
  },
  "osm_cafes": {
    "name": "OSM amenities=cafe/coffee_shop",
    "url": "PUT_PBF_OR_OVERPASS_QUERY_HERE"
  }
}